term,mean,cred_95_low,cred_95_high
Intercept,1.0968329657259062,1.089023127873142,1.1048450047131162
AGE,-0.006509662081628587,-0.006919894618636251,-0.006105787489497951
GRP,-0.024129481594124983,-0.026455352501472795,-0.021737237313408975
S.P.,-0.00787287853166929,-0.008111695014546392,-0.007634786648868159
