,CLEAN_CHICKS_RATIO,AGE,GRP,S.P.
CLEAN_CHICKS_RATIO,1.0,-0.6434377243708068,-0.6398023466664569,-0.09869231869297941
AGE,-0.6434377243708068,1.0,0.9780455988363774,-0.12085305455214154
GRP,-0.6398023466664569,0.9780455988363774,1.0,-0.12237276683868753
S.P.,-0.09869231869297941,-0.12085305455214154,-0.12237276683868753,1.0
