term,prior_mean_from_standardized_OLS,prior_sd
Intercept,0.6074130663886229,0.02
AGE,-0.07305676562029971,0.02
GRP,-0.045906203807667745,0.02
S.P.,-0.03194690415655787,0.02
